hub_name,beat_index,daily_beat,shipments,old_dailybeat,flag
SATELLITEHUB_CHP,1.3,0.66,152.7,1,0
SATELLITEHUB_BKK2,1.6,0,108.6,1,0
SATELLITEHUB_BRL,1.4,0.6,208.4,1,0
SATELLITEHUB_AYA,1.1,0.78,122.3,1,0
SATELLITEHUB_NGL,1.6,0.71,232.8,1,0
SATELLITEHUB_SNGV,1.2,0.77,81.8,1,0
SATELLITEHUB_OKH,1.1,0.85,158.2,1,0
SATELLITEHUB_MYV,1.5,0.5,145.5,1,0
SATELLITEHUB_DHL1,1.3,0.91,194.7,1,0
SATELLITEHUB_FRD,1.7,0.67,101.1,1,0
SATELLITEHUB_FRD1,1.7,0.85,83.9,1,0
SATELLITEHUB_PWL,2,0.42,86.6,0.85,0
SATELLITEHUB_GGN,1.2,0.98,283.6,1,0
SATELLITEHUB_GRGM,1.5,0.56,195.8,1,0
SATELLITEHUB_BLP1,1.4,0.84,117.6,1,0
SATELLITEHUB_RWR1,2.6,0.31,109.5,0.75,0
SATELLITEHUB_RTK,2.2,0.61,109.4,0.71,0
SATELLITEHUB_RTK1,5,0,20.8,0.69,0
SATELLITEHUB_FTH,3.7,0,103.8,0.41,0
SATELLITEHUB_KNL1,2.2,0,62.5,1,0
SATELLITEHUB_SNP2,1.7,0,104.3,1,0
SATELLITEHUB_KRNL,1.8,0.38,73.3,1,0
SATELLITEHUB_IXC1,1.1,0.48,62.5,1,0
SATELLITEHUB_IXC2,1.5,0.65,162.3,1,0
SATELLITEHUB_UNAA,2.9,0,23.9,0,0
SATELLITEHUB_LUD1,1.6,0.52,164.1,0.93,0
SATELLITEHUB_TRN,3.7,0,19.2,0,0
SATELLITEHUB_ASR,1.3,0.88,75.1,0.95,0
SATELLITEHUB_PTN2,2.6,0,79.7,1,0
SATELLITEHUB_BTT,4.5,0,109.9,0.88,0
SATELLITEHUB_SHI,1.4,0.64,46.1,0,1
SATELLITEHUB_HMR,1.7,0,41.8,0,0
SATELLITEHUB_MND,2.2,0,32.3,0,0
SATELLITEHUB_PLM,1.2,0,29.3,0,0
SATELLITEHUB_KGR,3.2,0,33.3,0,0
SATELLITEHUB_JMU1,1.4,0,74.3,1,0
SATELLITEHUB_GBD,1.4,0.64,138.4,0.85,0
SATELLITEHUB_SBD,1.3,0.94,104.9,1,0
SATELLITEHUB_GZBD,1.1,0.95,176.5,1,0
SATELLITEHUB_GRT2,1.8,0.39,74.1,1,0
SATELLITEHUB_GBDN,1.1,0.83,218.7,1,0
SATELLITEHUB_GRTN,1.2,0.87,110.3,1,0
SATELLITEHUB_NODA,1.5,0.89,113.8,1,0
SATELLITEHUB_KSJ,3.7,0,56.8,0,0
SATELLITEHUB_AGR1,1.6,0.76,162.6,0.89,0
SATELLITEHUB_MNP,2.4,0,103.5,0.44,0
SATELLITEHUB_FRZ,2.7,0,38.4,0,0
SATELLITEHUB_ARY,2.7,0,106.7,0,0
SATELLITEHUB_FBD,4.3,0,40.6,0,0
SATELLITEHUB_KNP,1.5,0.64,210,0.82,0
SATELLITEHUB_KNJ,2.6,0,54,0,0
SATELLITEHUB_LKO,1.5,0.67,208.2,0.93,0
SATELLITEHUB_BAN,3.2,0,65.7,0,0
SATELLITEHUB_ALD,1.6,0.59,204.1,0.82,0
SATELLITEHUB_MRZ,2.3,0.34,90.7,0.36,0
SATELLITEHUB_VNS1,1.5,0.51,140.8,0.73,0
SATELLITEHUB_GZP2,1.9,0.37,95.2,0.23,1
SATELLITEHUB_MAU2,1.8,0.43,77.9,0,1
SATELLITEHUB_BAL2,1.9,0.25,128.7,0.25,0
SATELLITEHUB_JNP2,2.2,0,129.1,0.26,0
SATELLITEHUB_SLN,2.2,0.41,76.1,0,1
SATELLITEHUB_AZM2,2.2,0,140.2,0.19,0
SATELLITEHUB_FZB2,2.3,0.37,106.8,0.41,0
SATELLITEHUB_BBK,3.9,0,70.7,0.73,0
SATELLITEHUB_LKO1,1.1,0.72,87.8,1,0
SATELLITEHUB_LKOC,1.4,0.64,173.2,0.97,0
SATELLITEHUB_LKOS,1.5,0.71,135.2,0.97,0
SATELLITEHUB_SON,2.9,0,72.5,0,0
SATELLITEHUB_SJP2,2.6,0.21,130.2,0.29,0
SATELLITEHUB_BRY,1.5,0.55,110.7,0.72,0
SATELLITEHUB_MRD,1.6,0.32,107.7,0.52,0
SATELLITEHUB_HLW1,1.9,0.24,126.4,0.94,0
SATELLITEHUB_SHN2,2.3,0.53,61.5,0.53,0
SATELLITEHUB_MRT,2.8,0.42,72.5,0.72,0
SATELLITEHUB_STP,6.6,0,37.4,0,0
SATELLITEHUB_GON,3.4,0,40.9,0.35,0
SATELLITEHUB_BRH,3.8,0,46.4,0,0
SATELLITEHUB_GKP,2.1,0.67,151.1,0.41,1
SATELLITEHUB_MHJ,2.2,0,81.1,0,0
SATELLITEHUB_KSH,2.7,0,63.4,0,0
SATELLITEHUB_DEO2,2,0.26,139.6,0.62,0
SATELLITEHUB_MTH,2.2,0.69,95.9,0.52,1
SATELLITEHUB_BRP,3.8,0,56.1,0,0
SATELLITEHUB_JHS,4,0,104.5,0,0
SATELLITEHUB_AWR,2.3,0.31,89.5,0.26,1
SATELLITEHUB_JAI,1.6,0.63,247.9,0.88,0
SATELLITEHUB_JAI1,1.5,0.7,138,0.78,0
SATELLITEHUB_GPC1,3.7,0,28.6,0,0
SATELLITEHUB_BHL,4.8,0,36.2,0,0
SATELLITEHUB_JODH,2.5,0.35,96.2,0.81,0
SATELLITEHUB_KOTA,2.4,0,102,0.73,0
SATELLITEHUB_SRD,6.1,0,28.6,0,0
SATELLITEHUB_SIK,5,0,84.1,0.31,0
SATELLITEHUB_BIK,4.4,0,47.6,0.82,0
SATELLITEHUB_SGN1,4.7,0,52.9,0,0
SatelliteHub_POR,7.6,0,32,0,0
Satellitehub_JMN,3.2,0,65.1,0.58,0
SatelliteHub_UNA,2.2,0,46.9,0,0
SatelliteHub_SNG,8,0,4.4,0,0
Satellitehub_AMD,1.1,0.83,150.3,0.94,0
SatelliteHub_BHJ,6.5,0,37.7,0.53,0
SatelliteHub_FKGDM,2.8,0.39,86.8,0.86,0
Satellitehub_CKD,1.1,0.83,144.5,1,0
Satellitehub_AMD1,1.1,0.69,85.9,0.91,0
Satellitehub_AMDDC,1.9,0.48,72.6,0.91,0
Satellitehub_HMT,5.3,0,26.4,0,0
Satellitehub_PLN,7.4,0,28.5,0,0
Satellitehub_GDH,5.5,0,19,0,0
Satellitehub_JMB,3.4,0,20.6,0,0
SatelliteHub_FKBHR,1.3,0.88,82.7,0.72,1
Satellitehub_STV5,1.2,0.74,83.2,0.67,1
SatelliteHub_STV1,1.1,0.82,108.2,1,0
SatelliteHub_VAL,1.1,0.7,93.5,0.37,1
SatelliteHub_VPI,1.5,0,69.2,0,0
Satellitehub_RRD,1,1,58.1,1,0
Satellitehub_CHV,1.3,0.55,234,1,0
SatelliteHub_MRL,1.2,0.46,142.6,1,0
SatelliteHub_ADH,1.1,0.81,118.2,1,0
SatelliteHub_Gor2,1.1,0.75,197.4,1,0
Satellitehub_MIB,1.2,0.71,159.4,1,0
SatelliteHub_THN,1.3,0.43,238.9,1,0
Satellitehub_FKBPR,1.1,0.71,84.4,1,0
Satellitehub_PNV,1.1,0.88,199.6,1,0
SatelliteHub_BSR,1.2,0.61,55.7,0.95,0
SatelliteHub_VRR,1.3,0.7,189.6,1,0
Satellitehub_MDG,23.3,0,1.5,0,0
Satellitehub_MPU,1.2,0.39,160.5,0,1
Satellitehub_FKMDG,1.1,0.4,95.4,0,1
SatelliteHub_PUN,1.1,0.91,209.9,1,0
Satellitehub_HJD,1.1,0.75,192.7,0.82,0
SatelliteHub_WGL,1.2,0.91,126.5,0.89,1
SatelliteHub_URL,1.4,0.6,168.1,0.95,0
SatelliteHub_THW,1,1,75.2,1,0
SatelliteHub_AHR,4.1,0.66,51.3,0,1
Satellitehub_BAR,15.6,0,44.8,0,0
SatelliteHub_FKSOL,3.3,0,52.4,0,0
Satellitehub_BID,12.8,0,30.1,0,0
SatelliteHub_DHR,6.1,0,17.2,0,0
Satellitehub_CSN,1.7,0.47,135.5,0.75,0
Satellitehub_CPL,3,0,11.8,0,0
Satellitehub_AMB,1.1,0.72,90.3,1,0
Satellitehub_FBHI,1.6,0.59,109.8,0.52,1
Satellitehub_FKKDM,1.7,0.69,105,1,0
Satellitehub_KDM,1,1,70.5,1,0
Satellitehub_NSK,1.7,0.46,83,0.91,0
Satellitehub_SHRD,5,0,27.9,0,0
SATELLITEHUB_DHU,3.1,0,80.4,0.25,0
SatelliteHub_JLGN,2.5,0.45,67.4,0.64,0
SatelliteHub_NDR,9.7,0,14.4,0,0
Satellitehub_JLN,1.2,0,30.3,0,0
SatelliteHub_PRB,2.2,0,30.9,0,0
SatelliteHub_NAN,1.4,0.6,45.5,0,1
Satellitehub_NAG,1.2,0.56,172.2,0.97,0
Satellitehub_BND,4.7,0,29.4,0,0
SatelliteHub_CDR,3.1,0.5,68.1,0,1
Satellitehub_GND,5.1,0,20.6,0,0
Satellitehub_WRD,9.2,0,7.6,0,0
Satellitehub_BLD,8.7,0,20.2,0,0
SATELLITEHUB_FKAKL,5.1,0.5,60.3,0.46,1
SATELLITEHUB_AMT,3.1,0.49,66.8,0,1
Satellitehub_YTL,3.4,0,20.5,0,0
Satellitehub_KNW,3.9,0,26.4,0,0
SatelliteHub_SEN,7.7,0,18.1,0,0
SATELLITEHUB_IDR,1.6,0.48,124.9,0.36,1
SATELLITEHUB_IDRF,2.1,0.53,66.1,0.04,1
Satellitehub_UJJ,8.3,0,12.7,0.72,0
SatelliteHub_BTL,10.4,0,26.9,0,0
Satellitehub_HAR,5.3,0,13.1,0,0
SatelliteHub_BHO,1.2,0.76,167.3,0.9,0
Satellitehub_GNJB,4.6,0,30.8,0,0
Satellitehub_SJP,4.6,0,38.6,0,0
SATELLITEHUB_SGO,4.1,0,50.4,0,0
SatelliteHub_GNA,4.1,0,43.2,0,0
SatelliteHub_GWL,2.2,0.29,92.4,0.75,0
SatelliteHub_FKGWL,1.7,0,83.6,0.53,0
Satellitehub_SEO,2.6,0,39.8,0,0
SatelliteHub_SASR,3,0,11.8,0,0
Satellitehub_BLB,2.1,0,16.9,0,0
Satellitehub_JLR,1.7,0.54,120.7,0.81,0
SatelliteHub_KTN,2.5,0,28.1,0,0
Satellitehub_SHDL,2.6,0,27.1,0,0
Satellitehub_REV,1.7,0.55,63.4,0,1
Satellitehub_WDN,1.7,0.8,36.8,0,1
SatelliteHub_BIL1,3.1,0.3,111.1,0.58,0
SatelliteHub_KBA,4.2,0,41.2,0.79,0
SATELLITEHUB_FKRIG,3.6,0.53,69.3,0.57,0
Satellitehub_FKAKP,4.4,0,48.4,0.5,0
Satellitehub_CHM,1.5,0.28,117.4,1,0
Satellitehub_NCRKMG,1.2,0.55,102.9,1,0
Satellitehub_HYD,1.4,0.65,283.6,1,0
Satellitehub_NCR2,1,1,168.2,1,0
Satellitehub_FKHYDU,1.4,0.45,146.5,1,0
Satellitehub_HYDBL,1.5,0.75,139.7,1,0
Satellitehub_HYDM,1.4,0.68,137.7,1,0
Satellitehub_NCR,1.4,0.36,233.8,1,0
Satellitehub_FKGOL,1.4,0.45,148,1,0
Satellitehub_FKHYD1,1.4,0.35,97.4,1,0
Satellitehub_HYDECL,1.5,0.7,89,0.81,0
SATELLITEHUB_GJL,2.8,0,61.6,0,0
Satellitehub_HYD1,1.4,0.76,208.3,1,0
Satellitehub_SGR,2.3,0.38,93.3,0,1
SATELLITEHUB_HMBD,2.4,0,87.5,0.55,0
Satellitehub_JDC,1.5,0,70.2,0.73,0
Satellitehub_FKBOL,1.1,0.7,87.5,1,0
Satellitehub_NZM,2,0,17.3,0.47,0
SatelliteHub_NIR,2.4,0,58.3,0,0
Satellitehub_ADB,,,0,0,0
Satellitehub_MCL,2.4,0.51,109.5,0,1
Satellitehub_FKKRM,2.3,0.29,121.7,0.77,0
SATELLITEHUB_WRG,3.4,0,103.3,0.26,0
SATELLITEHUB_WRG1,2.5,0,14,0.96,0
Satellitehub_KMM,3.1,0,66.5,0,0
Satellitehub_KGM,2.1,0,65.2,0.4,0
Satellitehub_STPL,2.2,0,31.9,0,0
SATELLITEHUB_VZA,2.2,0.3,111.3,0.72,0
Satellitehub_NGD,2.1,0,16.6,0,0
Satellitehub_SPT,1.7,0,84,0.74,0
Satellitehub_GDL,3,0,46.8,0,0
SATELLITEHUB_RCH,5.8,0,30.3,0.54,0
SATELLITEHUB_PNK,3.7,0,47.3,0,0
SATELLITEHUB_MPY,2.5,0.41,67.1,0.41,0
SATELLITEHUB_FKKDP,1.7,0.26,121.1,0.87,0
SATELLITEHUB_FKSKH,1.8,0.55,191.8,0.81,0
SATELLITEHUB_RCTY,2.3,0.75,45.6,0.58,1
SATELLITEHUB_PDT,2.1,0.52,67.3,0.52,0
SATELLITEHUB_ARK,1.8,0,99,0.51,0
Satellitehub_NPT,1.6,0,86.8,0.29,0
SATELLITEHUB_KRN,2.3,0.28,103.8,0.64,0
SATELLITEHUB_NDY,2.5,0.5,68.1,0.48,1
Satellitehub_ADON,3.5,0,39.9,0,0
SATELLITEHUB_VZAA,1,1,56.9,0.87,1
SATELLITEHUB_GWDF1,3.6,0,78.7,0.53,0
SATELLITEHUB_ERU,1.7,0.4,83.7,0.5,0
Satellitehub_TEL,1,1,28.8,0.62,1
SATELLITEHUB_BMV,1.9,0.73,91.9,0.31,1
SATELLITEHUB_FKGTR,1.7,0.37,159.7,0.67,0
SATELLITEHUB_CRL,3,0,47.1,0,0
Satellitehub_MCRL,3.9,0,35.9,0,0
SATELLITEHUB_FKONG,2.5,0.25,124.7,0.53,0
Satellitehub_CMBM,5.1,0,41.1,0,0
SatelliteHub_NLR,2.1,0.43,142.7,0.81,0
SATELLITEHUB_VSPA,1.8,0.28,117.7,1,0
SATELLITEHUB_VSP,1.5,0.33,89.2,1,0
SATELLITEHUB_VSP2,1.9,0.24,127.2,0.89,0
SATELLITEHUB_KTP,1.5,0.37,92.6,0,1
SATELLITEHUB_SKM,1.8,0,77.1,0,0
Satellitehub_RJM,3.5,0,40.2,0,0
Satellitehub_PLS,1.9,0,56.6,0,0
SATELLITEHUB_FKKKD,1.2,0.79,157,0.91,0
SatelliteHub_FKRJY,1.4,0.44,145.4,0.54,0
SATELLITEHUB_AML,1.6,0.49,62.5,0,1
SATELLITEHUB_FKTKU,,,0,0.56,0
Satellitehub_VZN,2,0,70.1,0.53,0
Satellitehub_BBL,1.7,0,41.9,0,0
Satellitehub_FKHAL,1.2,0.77,156,1,0
SATELLITEHUB_FKRRN,1.2,0.82,184.5,1,0
Satellitehub_YWP,1.1,0.83,292.3,0.94,0
SATELLITEHUB_RTN,1.4,0.81,194.2,1,0
Satellitehub_MAG,1.3,0.78,143.3,0.94,0
SATELLITEHUB_FKBGR,1.2,0.99,174,1,0
SATELLITEHUB_WFL3,1.4,0.88,209.4,1,0
SATELLITEHUB_YEL,1.2,0.62,172.8,1,0
BULKHUB_BLRF2,1.3,0.51,138.1,1,0
BULKHUB_BLR,1.1,0.98,234.6,1,0
SATELLITEHUB_WFL2,1,1,193.9,1,0
SATELLITEHUB_SJPR,1.1,0.74,90.4,1,0
SATELLITEHUB_MHP1,1.1,0.86,174,1,0
Satellitehub_WFL,1.2,0.73,361.4,1,0
SATELLITEHUB_YWP1,1.2,0.78,163.5,1,0
SATELLITEHUB_BGR,1.4,0.86,130.8,1,0
BULKHUB_FKBLR2,1.1,0.81,122.7,1,0
Satellitehub_DBP,1.7,0.55,60.5,1,0
BULKHUB_BLR2,1.1,0.86,139.1,1,0
Satellitehub_TUM,1.9,0.45,72.6,0.56,0
Satellitehub_NSP,2.2,0,126.6,0.98,0
SATELLITEHUB_HOSF1,1.7,0.68,172.3,0.93,0
Satellitehub_RAM,1.4,0.4,68.2,0.97,0
SATELLITEHUB_NSPA,1.1,0.76,91.2,0.93,0
SATELLITEHUB_MYS,1.9,0.33,90.7,0.95,0
Satellitehub_FKMYS,1.4,0.86,121.3,0.94,0
SATELLITEHUB_MDY,2.3,0.57,60.4,0.44,1
SATELLITEHUB_MDKR,2.1,0,48.6,0,0
SATELLITEHUB_HSN,1.8,0.31,120.5,0.78,0
SATELLITEHUB_UDP,1.8,0.53,134.4,0.89,0
SATELLITEHUB_FKMLR,1.7,0.65,227.6,1,0
Satellitehub_DVG,3.1,0,91.4,0.71,0
SATELLITEHUB_BDV,3.5,0,50.4,0.55,0
SATELLITEHUB_SMG,2.8,0.52,76.4,0.81,0
Satellitehub_DVGA,2.2,0,48.2,0.66,0
Satellitehub_HBL,3,0.56,57.4,0.71,0
Satellitehub_HAV,2.2,0,48.4,0,0
Satellitehub_KRW,2.1,0,65.3,0.82,0
SATELLITEHUB_BLY,1.1,0.49,64,0.83,0
SATELLITEHUB_BJP,3.1,0.51,66.9,0.4,1
SATELLITEHUB_BGK,3.7,0,57.5,0.67,0
SATELLITEHUB_BLG,1.3,0.62,55.3,0.75,0
SATELLITEHUB_BLGF1,4.3,0,24.2,0,0
SATELLITEHUB_FKCHN1,1.1,0.84,245.9,0.94,0
SATELLITEHUB_CHN,1.1,0.84,465.8,1,0
SATELLITEHUB_GDY,1.3,0.74,136.4,1,0
SATELLITEHUB_FKTMB,1.4,0.79,236.8,1,0
SATELLITEHUB_TMB2,1.4,0.76,167.3,1,0
SATELLITEHUB_TMB1,1.2,0.72,138,1,0
Satellitehub_ANN,1.2,0.81,166.4,0.91,0
SATELLITEHUB_SRP,1.8,0.29,92.7,1,0
SATELLITEHUB_FKTMB1,1.3,0.4,151.4,1,0
Satellitehub_MLMR,4.1,0,59.3,0,0
SATELLITEHUB_VPM,3.4,0,73,0.83,0
SATELLITEHUB_PCY,1.5,0.94,119.6,1,0
Satellitehub_TML,3.1,0,79.4,0.6,0
Satellitehub_KLKR,2.9,0,71.3,0.51,0
SATELLITEHUB_CUD,1.7,0,141.4,0.88,0
Satellitehub_PBLR,4.2,0,83.8,0,0
SATELLITEHUB_KMBK,1.9,0,73.2,0,0
Satellitehub_KRKL,2.3,0.41,92.6,0.93,0
Satellitehub_TNJR,38,0,4.6,0,0
SATELLITEHUB_PTKI,3.5,0,39.5,0,0
Satellitehub_PDKT,3.3,0,63.7,0,0
SATELLITEHUB_TRY,1.9,0.55,180.7,0.97,0
SATELLITEHUB_KRR,2.6,0,67.5,0,0
Satellitehub_RMPM,3.4,0,71,0,0
SATELLITEHUB_DND,2.6,0.43,81.7,0,1
SATELLITEHUB_KDKL,3.7,0,9.4,0,0
SATELLITEHUB_TENI,3,0,46.1,0,0
Satellitehub_SVK,2.2,0,95.9,0.4,0
Satellitehub_NGR,1.5,0.77,94.2,0,1
SATELLITEHUB_TKSI,2.8,0,50.7,0,0
Satellitehub_MRDM,1.2,0.61,56.8,0,1
SATELLITEHUB_DHP,1.9,0,113.7,0.21,0
SATELLITEHUB_FKSLM,1.6,0.71,159,0.75,0
SATELLITEHUB_ATYR,2.5,0,68.5,0.55,0
SATELLITEHUB_NMKL,2.3,0,90.6,0,0
SATELLITEHUB_ERD,1.5,0.46,144,0.76,0
Satellitehub_TRP,1.1,0.87,196.5,0.9,0
SATELLITEHUB_DPM,2.8,0,12.6,0,0
Satellitehub_CMB,1.2,0.67,192,0.96,0
Satellitehub_CJB,1,1,169.4,0.88,1
Satellitehub_CBE,1.2,0.43,88.1,0.86,0
Satellitehub_POY,1.6,0,65.9,0,0
Satellitehub_CAN,1.2,0.63,115.7,1,0
Satellitehub_TLY,1.2,0.4,83.9,0,1
SATELLITEHUB_PYNR,1.5,0,23.2,0,0
SATELLITEHUB_WYND,1.5,0.44,66.8,0,1
SATELLITEHUB_KSGD,1.2,0.65,60.9,0,1
Satellitehub_CCJ,1.4,0.97,78.5,1,0
SATELLITEHUB_CCJA,1,1,35.1,0,1
Satellitehub_BDA,1.3,0.63,100,0,1
SATELLITEHUB_MPM,1.3,0.53,136.5,0.95,0
Satellitehub_TIR,1,1,31.3,0,1
SATELLITEHUB_SRR,1.4,0,24.6,0,0
Satellitehub_ANK,1.1,0.84,133.2,0.97,0
Satellitehub_COKA,1.1,0.75,99,0,1
SATELLITEHUB_COK1,1.3,0.58,97.9,0.65,0
SATELLITEHUB_MVPA,1.4,0.36,104.7,0,1
Satellitehub_IDKI,,,0,0,0
SATELLITEHUB_KTY,1.4,0,24.9,0.81,0
SATELLITEHUB_PMT,1.6,0,108.9,0,0
SATELLITEHUB_APE,1.2,0.63,115.1,0.94,0
satellitehub_KYKM,1.4,0.34,96.2,0,1
Satellitehub_KTRA,,,0,0,0
SATELLITEHUB_KLM,1.1,0.88,198.4,1,0
SATELLITEHUB_TVM,1.3,0.96,112.7,0,1
Satellitehub_TVMA,1.4,0.93,80.9,0,1
Satellitehub_TVM1,1.2,0.96,178.4,0,1
SATELLITEHUB_NYKA,1.2,0.8,85.4,0,1
SatelliteHub_TTL,1.2,0.55,111.4,1,0
BulkHub_KOL8,1.5,0.11,255.7,0.98,0
SatelliteHub_MHST,1.3,0.51,183.7,1,0
SatelliteHub_KOL11,1.2,0.68,320.5,1,0
Satellitehub_RUBY,1.4,0.5,241.1,1,0
SatelliteHub_JADV,1.2,0.55,159.2,1,0
Bulkhub_KOL10,1.6,0.33,187.3,1,0
Satellitehub_STHP,1.2,0.68,134.9,0.97,0
SatelliteHub_FKHWH,1.3,0.51,258.1,0.71,0
Satellitehub_PKU,1.5,0.27,114.7,0.58,0
SatelliteHub_FKCGR,1.2,0.93,128.8,1,0
SatelliteHub_CGR,1.8,0,60.1,0.45,0
Satellitehub_FKABG,2.2,0,46.6,0,0
Satellitehub_FKBWN,1.8,0,39.1,0.54,0
Satellitehub_DGPR6,1.7,0.54,59.1,0,1
Satellitehub_FKASL,1.8,0.53,114,0,1
Satellitehub_FKKNG,2,0.39,153.3,0,1
SatelliteHub_FKCNT,1.2,0.53,51.9,0.42,1
Satellitehub_FKPRR,3,0,69.1,0,0
Satellitehub_BRM2,1.4,0,51.1,0,0
Satellitehub_FKMLD,1.7,0.22,145.1,0,1
Satellitehub_FKBGT,1.6,0,21.4,0,0
SatelliteHub_FKRNG,2,0.56,48,0.54,1
SatelliteHub_SLG,1.6,0.53,130.7,0.38,1
Satellitehub_SLG6,1.2,0.8,84.1,0.76,1
SatelliteHub_DJL,,,0,0,0
Satellitehub_MELI,,,0,,0
SatelliteHub_FKGAG,1,1,48.4,0,1
Satellitehub_JRTH,,,0,,0
Satellitehub_FKBRM,2,0.51,113.3,0.37,1
SatelliteHub_DMN,1,1,31.9,0,1
Satellitehub_BBSR,1.2,0.81,308.6,0.96,0
Satellitehub_KHD,1.7,0.38,183.5,1,0
Satellitehub_PUR1,1.7,0,21.2,0.65,0
Satellitehub_JPUR,2.5,0,42.1,0.52,0
SatelliteHub_FKBLU,2.3,0,75.7,0.38,0
Satellitehub_JAJ1,2.8,0,37.2,0.37,0
Satellitehub_FKDHK,1.8,0,78.5,0.33,0
SatelliteHub_PAR,1.8,0,80,0.86,0
Satellitehub_KPA,2.7,0,77.7,0.27,0
SatelliteHub_JAJ,2,0.41,66,0.31,1
SatelliteHub_FKBPO,2.9,0,48,0.56,0
Satellitehub_KJR,3.3,0,10.7,0.64,0
SatelliteHub_FKANGL,1.1,0.82,134,0.56,1
SatelliteHub_BDH,6.5,0,26.8,0,0
Satellitehub_BER9,1.6,0.24,235.7,0.89,0
SatelliteHub_FKPLH,2.2,0,31.4,0,0
SatelliteHub_FKKRPU,2.9,0,73.5,0.7,0
SatelliteHub_FKRGDA,1,1,29.7,0.56,1
SatelliteHub_FKBWIP,2.1,0,64.8,0,0
SatelliteHub_FKBLGR,1.9,0.62,54.3,0,1
SatelliteHub_BRH1,4.7,0,30.1,0,0
SatelliteHub_FKSAM,2.9,0,60.5,0.55,0
Satellitehub_FKJSG,1.7,0.25,123.4,0.67,0
SatelliteHub_RKL,1.4,0.45,73.9,0.73,0
Satellitehub_GUW,1.1,0.69,381.1,0.96,0
Satellitehub_GUW2,1.2,0.6,107.7,0,1
Satellitehub_FKMAN,2.1,0,82.2,0.83,0
SatelliteHub_FKNLV,2.5,0,41.9,0.81,0
Satellitehub_BOKO,1.6,0,41.8,0,0
SatelliteHub_NLV1,3.1,0,67.3,0,0
Satellitehub_FKBPRD,2,0.43,65,0.64,0
SatelliteHub_MGN,2.2,0,47.9,0,0
SatelliteHub_FKHJI,3,0,35.2,0.57,0
SatelliteHub_DPU,2.4,0,43.8,0,0
SatelliteHub_FKGLPT,2.7,0,26,0,0
SatelliteHub_DBI,1.9,0.91,36.5,0,1
Satellitehub_FKBON,1.7,0.43,79.8,0.66,0
Satellitehub_FKTEZ,1.4,0,50.5,0,0
SatelliteHub_FKNLP,1.4,0.51,76.7,1,0
SatelliteHub_GPH,,,0,,0
Satellitehub_FKJOR,2,0.26,145,1,0
Satellitehub_SRU,3,0,23.3,0,0
Satellitehub_BKK1,1.4,0.49,74.8,0,1
Satellitehub_FKSRN,1.5,0,46.5,0.61,0
Satellitehub_DIB,1.7,0.55,63.1,0,1
Satellitehub_FKTSK,1.3,0.67,159.7,0,1
SatelliteHub_FKSIL,1.8,0.29,120,0.68,0
Satellitehub_HKD,21.9,0,1.6,0,0
SatelliteHub_HLF,1.7,0,21,0,0
Satellitehub_PSG,1.4,0,24.5,1,0
SatelliteHub_NHL,1.3,0.83,78.7,0,1
SatelliteHub_ITA,1,1,59.4,0,1
SatelliteHub_SHL,7.5,0,14,0,0
SatelliteHub_JNH,1,1,28.4,0,1
SatelliteHub_AJL,1,1,67.8,0,1
Satellitehub_LGI,7.3,0,4.8,0,0
Satellitehub_LWT,10.6,0,3.3,0,0
SatelliteHub_KMA,1,1,41.2,0,1
SatelliteHub_DMP,1.3,0.88,88.2,0,1
Satellitehub_MOKO,2.1,0,16.5,0,0
Satellitehub_FKIXA,1.5,0.29,209.5,0.96,0
Satellitehub_BLO,1.5,0.71,46.4,0,1
SatelliteHub_TLM,1,1,33.3,0,1
SatelliteHub_ABA,2,0,17.2,0,0
Satellitehub_FKPSG,1,1,93.5,1,0
Satellitehub_FKJHD,2.1,0,82,0.9,0
SatelliteHub_BAKT,1.8,0,77.2,0.8,0
Satellitehub_FKBXR,1.4,0.43,69.8,0,1
SatelliteHub_BBA,,,0,,0
Satellitehub_FKBOJ,1.9,0.32,112,0.47,0
SatelliteHub_FKSSM,1.9,0.53,126.7,0.74,0
SatelliteHub_FKNWD,2.9,0,83.8,0.86,0
Satellitehub_FKGAYA,2,0.21,134.7,0.71,0
SatelliteHub_JMI,2.2,0.31,91.7,0.48,0
Satellitehub_FKBHG,1.3,0.59,149.8,0.5,1
SatelliteHub_BKA,,,0,,0
Satellitehub_DUK,17.5,0,2,0.3,0
Satellitehub_SBG,3.7,0,37.7,0,0
Satellitehub_GRD,1.8,0,57.7,0,0
Satellitehub_DTO,1.8,0.47,76,0.36,1
SatelliteHub_ABD,2.4,0,87.5,0.31,0
Satellitehub_FKRMG,1.5,0,23.9,0,0
SatelliteHub_FKBKSC,2.1,0.4,80.8,0.79,0
Satellitehub_HAZ,1.5,0.76,45.8,0.76,0
Satellitehub_TIA,3.1,0,34.4,0.53,0
Satellitehub_KATR,1.1,0,60.8,0.51,0
Satellitehub_GHT,2.4,0,42.9,0.74,0
Satellitehub_CHB,3.2,0,44.4,0,0
Satellitehub_RNC,1.7,0.74,143.9,0.89,0
Satellitehub_HAT,1.5,0.47,136.3,0.89,0
Satellitehub_HJP,1.7,0.32,101.2,0.76,0
Satellitehub_CPR,1.9,0,56.1,0.63,0
SatelliteHub_FKSWN,2,0,68.1,0.72,0
Satellitehub_SAI,1.6,0.48,60,0,1
SatelliteHub_SWN,2.9,0,72.7,0.79,0
SatelliteHub_FKGPG,1.8,0.82,146.9,0.75,1
Satellitehub_FKMZP,1.3,0.78,209.8,0.56,1
SatelliteHub_SAMA,1.7,0.48,136.9,0.57,0
SATELLITEHUB_FKSMI,2.3,0.26,122.8,0.34,0
SATELLITEHUB_FKSLI,1.5,0,44.6,0,0
SatelliteHub_BET1,2.2,0.35,93.8,0.38,0
SatelliteHub_SLI,2.1,0.38,79.2,0,1
Satellitehub_FKDBG,1.9,0.39,164.1,0.47,0
Satellitehub_MADU,1.5,0,115.9,0.61,0
Satellitehub_FKBEGU,1.6,0.63,143.1,0.33,1
SatelliteHub_KGG,1.9,0,55.5,0,0
SATELLITEHUB_MDPR,1.9,0.62,54,0,1
Satellitehub_SPL1,,,0,,0
SATELLITEHUB_FKSHC,3.1,0.6,56.8,0.67,0
SatelliteHub_FKPRN2,2.1,0.39,166.9,0.4,0
SatelliteHub_KAT,2.1,0.5,65.9,0.6,0
SatelliteHub_FBG,1.7,0,20.1,0,0